mean_fit_time,std_fit_time,mean_score_time,std_score_time,param_n_neighbors,param_p,params,split0_test_score,split1_test_score,split2_test_score,split3_test_score,split4_test_score,mean_test_score,std_test_score,rank_test_score,split0_train_score,split1_train_score,split2_train_score,split3_train_score,split4_train_score,mean_train_score,std_train_score
0.0,0.0,0.006190109252929688,0.007587057242977904,1,1,"{'n_neighbors': 1, 'p': 1}",0.9565217391304348,0.9130434782608695,1.0,0.9090909090909091,0.9545454545454546,0.9466403162055336,0.03330493981492634,51,1.0,1.0,1.0,1.0,1.0,1.0,0.0
0.0008027076721191407,0.0016054153442382816,0.0012850761413574219,0.001585571035681937,1,2,"{'n_neighbors': 1, 'p': 2}",0.9565217391304348,0.9130434782608695,1.0,0.9090909090909091,0.9545454545454546,0.9466403162055336,0.03330493981492634,51,1.0,1.0,1.0,1.0,1.0,1.0,0.0
0.0,0.0,0.006357049942016602,0.007834941701323537,2,1,"{'n_neighbors': 2, 'p': 1}",0.9130434782608695,0.8260869565217391,1.0,0.9090909090909091,0.9545454545454546,0.9205533596837945,0.0575828422181006,88,0.9550561797752809,0.9662921348314607,0.9555555555555556,0.9666666666666667,0.9666666666666667,0.9620474406991262,0.005508434031157573
0.0034722805023193358,0.0018116801312940722,0.0026405811309814452,0.0022106875541267573,2,2,"{'n_neighbors': 2, 'p': 2}",0.9130434782608695,0.8695652173913043,1.0,0.9090909090909091,0.9545454545454546,0.9292490118577075,0.04444487840907701,82,0.9662921348314607,0.9662921348314607,0.9555555555555556,0.9777777777777777,0.9666666666666667,0.9665168539325842,0.007029678643602581
0.0,0.0,0.003104400634765625,0.004058555650578127,3,1,"{'n_neighbors': 3, 'p': 1}",0.9565217391304348,0.9130434782608695,1.0,0.8636363636363636,0.9545454545454546,0.9375494071146246,0.04607075017259576,79,0.9662921348314607,0.9662921348314607,0.9666666666666667,0.9888888888888889,0.9666666666666667,0.9709612983770286,0.008965360015601796
0.00012302398681640625,0.0002460479736328125,0.0031583309173583984,0.006316661834716797,3,2,"{'n_neighbors': 3, 'p': 2}",0.9565217391304348,0.9130434782608695,1.0,0.9090909090909091,0.9545454545454546,0.9466403162055336,0.03330493981492634,51,0.9662921348314607,0.9662921348314607,0.9666666666666667,0.9888888888888889,0.9666666666666667,0.9709612983770286,0.008965360015601796
0.0004528045654296875,0.0009056091308593749,0.003734731674194336,0.005307447348763683,4,1,"{'n_neighbors': 4, 'p': 1}",0.9565217391304348,0.9130434782608695,1.0,0.8636363636363636,1.0,0.9466403162055336,0.05255579490464716,51,0.9775280898876404,0.9662921348314607,0.9666666666666667,0.9888888888888889,0.9666666666666667,0.9732084893882647,0.008921443004026188
0.00314183235168457,0.00628366470336914,0.003140115737915039,0.006280231475830078,4,2,"{'n_neighbors': 4, 'p': 2}",0.9565217391304348,0.9130434782608695,1.0,0.8636363636363636,1.0,0.9466403162055336,0.05255579490464716,51,0.9662921348314607,0.9550561797752809,0.9777777777777777,0.9888888888888889,0.9666666666666667,0.970936329588015,0.01149850010443297
0.003606367111206055,0.005996034015021382,0.0005705833435058593,0.0011411666870117187,5,1,"{'n_neighbors': 5, 'p': 1}",1.0,0.9565217391304348,1.0,0.8636363636363636,1.0,0.9640316205533598,0.05294672584866514,5,0.9662921348314607,0.9662921348314607,0.9777777777777777,0.9888888888888889,0.9666666666666667,0.9731835205992508,0.009002417152245881
0.003148317337036133,0.003256083357043364,0.003118896484375,0.002736681491154263,5,2,"{'n_neighbors': 5, 'p': 2}",1.0,0.9565217391304348,0.9545454545454546,0.8636363636363636,1.0,0.9549407114624507,0.04979923448304139,30,0.9775280898876404,0.9775280898876404,0.9666666666666667,0.9777777777777777,0.9555555555555556,0.9710112359550562,0.008814513004233875
0.002030611038208008,0.0012688855664251513,0.004621124267578125,0.0015701731792958646,6,1,"{'n_neighbors': 6, 'p': 1}",0.9565217391304348,0.9130434782608695,1.0,0.8636363636363636,1.0,0.9466403162055336,0.05255579490464716,51,0.9662921348314607,0.9550561797752809,0.9555555555555556,0.9888888888888889,0.9555555555555556,0.9642696629213484,0.01301503965353939
0.0012169361114501953,0.0017003505755915798,0.006023263931274414,0.005912952985101169,6,2,"{'n_neighbors': 6, 'p': 2}",1.0,0.9565217391304348,1.0,0.8636363636363636,1.0,0.9640316205533598,0.05294672584866514,5,0.9775280898876404,0.9887640449438202,0.9555555555555556,0.9888888888888889,0.9666666666666667,0.9754806491885143,0.012923754502843405
0.0,0.0,0.0019040584564208984,0.0038081169128417972,7,1,"{'n_neighbors': 7, 'p': 1}",1.0,0.9565217391304348,0.9545454545454546,0.8636363636363636,0.9545454545454546,0.9458498023715416,0.044623788228946075,61,0.9662921348314607,0.9662921348314607,0.9666666666666667,0.9888888888888889,0.9666666666666667,0.9709612983770286,0.008965360015601796
0.001241922378540039,0.0016489247491070901,0.002891874313354492,0.004245175764480907,7,2,"{'n_neighbors': 7, 'p': 2}",1.0,0.9565217391304348,1.0,0.9090909090909091,0.9545454545454546,0.9640316205533598,0.03391847897695643,5,0.9662921348314607,0.9887640449438202,0.9666666666666667,0.9888888888888889,0.9666666666666667,0.9754556803995007,0.010918129412434236
0.0031448841094970704,0.006289768218994142,0.0031873703002929686,0.006374740600585937,8,1,"{'n_neighbors': 8, 'p': 1}",1.0,0.9130434782608695,1.0,0.8636363636363636,0.9545454545454546,0.9462450592885375,0.05248738028001976,59,0.9550561797752809,0.9662921348314607,0.9555555555555556,0.9888888888888889,0.9555555555555556,0.9642696629213484,0.01301503965353939
0.0,0.0,0.0011183261871337891,0.0022366523742675783,8,2,"{'n_neighbors': 8, 'p': 2}",1.0,0.9130434782608695,1.0,0.8636363636363636,0.9545454545454546,0.9462450592885375,0.05248738028001976,59,0.9662921348314607,0.9775280898876404,0.9666666666666667,0.9888888888888889,0.9666666666666667,0.9732084893882647,0.008921443004026188
0.0,0.0,0.006249189376831055,0.007653848255214796,9,1,"{'n_neighbors': 9, 'p': 1}",1.0,0.9565217391304348,1.0,0.8636363636363636,0.9545454545454546,0.9549407114624506,0.04979923448304139,31,0.9662921348314607,0.9775280898876404,0.9666666666666667,0.9777777777777777,0.9555555555555556,0.9687640449438202,0.008282866539311422
0.006264019012451172,0.005939858197151295,0.005240488052368164,0.004319092860931994,9,2,"{'n_neighbors': 9, 'p': 2}",1.0,0.9565217391304348,1.0,0.9090909090909091,0.9545454545454546,0.9640316205533598,0.03391847897695643,5,0.9662921348314607,0.9775280898876404,0.9555555555555556,0.9777777777777777,0.9666666666666667,0.9687640449438202,0.008282866539311422
0.0012510299682617187,0.0011336742755956137,0.006201648712158203,0.003434940968885402,10,1,"{'n_neighbors': 10, 'p': 1}",1.0,0.9565217391304348,1.0,0.9090909090909091,1.0,0.9731225296442687,0.036174106525367754,1,0.9662921348314607,0.9775280898876404,0.9555555555555556,0.9888888888888889,0.9555555555555556,0.9687640449438202,0.012937206429782683
0.0034174442291259764,0.002901631875355572,0.00484309196472168,0.005871955400346219,10,2,"{'n_neighbors': 10, 'p': 2}",1.0,0.9565217391304348,1.0,0.9090909090909091,0.9545454545454546,0.9640316205533598,0.03391847897695643,5,0.9662921348314607,0.9775280898876404,0.9777777777777777,0.9888888888888889,0.9666666666666667,0.9754307116104869,0.008382748000643595
0.0017031192779541015,0.0034062385559082025,0.003120279312133789,0.006240558624267579,11,1,"{'n_neighbors': 11, 'p': 1}",1.0,0.9565217391304348,1.0,0.9545454545454546,0.9545454545454546,0.9731225296442687,0.021957224367321962,1,0.9662921348314607,0.9662921348314607,0.9555555555555556,0.9777777777777777,0.9666666666666667,0.9665168539325842,0.007029678643602581
0.002503061294555664,0.005006122589111328,0.003828620910644531,0.006055912660450848,11,2,"{'n_neighbors': 11, 'p': 2}",1.0,0.9565217391304348,1.0,0.9090909090909091,0.9545454545454546,0.9640316205533598,0.03391847897695643,5,0.9662921348314607,0.9775280898876404,0.9555555555555556,0.9666666666666667,0.9666666666666667,0.966541822721598,0.006949671194395376
0.0,0.0,0.006247997283935547,0.007652202964245437,12,1,"{'n_neighbors': 12, 'p': 1}",1.0,0.9565217391304348,1.0,0.9545454545454546,0.9545454545454546,0.9731225296442687,0.021957224367321962,1,0.9662921348314607,0.9662921348314607,0.9555555555555556,0.9777777777777777,0.9666666666666667,0.9665168539325842,0.007029678643602581
0.0,0.0,0.005825471878051758,0.007166109560123653,12,2,"{'n_neighbors': 12, 'p': 2}",1.0,0.9565217391304348,1.0,0.9090909090909091,0.9545454545454546,0.9640316205533598,0.03391847897695643,5,0.9662921348314607,0.9662921348314607,0.9555555555555556,0.9888888888888889,0.9666666666666667,0.9687390761548065,0.010918700411457306
0.003126239776611328,0.006252479553222657,0.0,0.0,13,1,"{'n_neighbors': 13, 'p': 1}",1.0,0.9565217391304348,1.0,0.9090909090909091,0.9545454545454546,0.9640316205533598,0.03391847897695643,5,0.9662921348314607,0.9662921348314607,0.9555555555555556,0.9666666666666667,0.9666666666666667,0.964294631710362,0.004372747171858133
0.0016037940979003907,0.0032075881958007813,0.006352758407592774,0.00778058192212315,13,2,"{'n_neighbors': 13, 'p': 2}",1.0,0.9565217391304348,1.0,0.9090909090909091,0.9545454545454546,0.9640316205533598,0.03391847897695643,5,0.9550561797752809,0.9550561797752809,0.9555555555555556,0.9666666666666667,0.9555555555555556,0.957578027465668,0.00454980393703594
0.0,0.0,0.012071037292480468,0.006130224578705458,14,1,"{'n_neighbors': 14, 'p': 1}",1.0,0.9565217391304348,1.0,0.9545454545454546,0.9545454545454546,0.9731225296442687,0.021957224367321962,1,0.9662921348314607,0.9662921348314607,0.9666666666666667,0.9666666666666667,0.9666666666666667,0.9665168539325842,0.0001834823777365572
0.007465982437133789,0.0071375335144853525,0.002011823654174805,0.00402364730834961,14,2,"{'n_neighbors': 14, 'p': 2}",1.0,0.9565217391304348,1.0,0.9090909090909091,0.9545454545454546,0.9640316205533598,0.03391847897695643,5,0.9662921348314607,0.9775280898876404,0.9555555555555556,0.9666666666666667,0.9666666666666667,0.966541822721598,0.006949671194395376
0.0032699108123779297,0.006539821624755859,0.0030204296112060548,0.0060408592224121095,15,1,"{'n_neighbors': 15, 'p': 1}",1.0,0.9130434782608695,1.0,0.9090909090909091,0.9545454545454546,0.9553359683794467,0.03979355873091929,28,0.9662921348314607,0.9662921348314607,0.9555555555555556,0.9666666666666667,0.9666666666666667,0.964294631710362,0.004372747171858133
0.0032166481018066407,0.006433296203613281,0.0015009403228759765,0.0030018806457519525,15,2,"{'n_neighbors': 15, 'p': 2}",1.0,0.9565217391304348,1.0,0.9090909090909091,0.9545454545454546,0.9640316205533598,0.03391847897695643,5,0.9662921348314607,0.9662921348314607,0.9444444444444444,0.9666666666666667,0.9666666666666667,0.9620724094881398,0.008815573873240098
0.000801849365234375,0.00160369873046875,0.0031013965606689455,0.00620279312133789,16,1,"{'n_neighbors': 16, 'p': 1}",0.9565217391304348,0.8695652173913043,1.0,0.9090909090909091,0.9545454545454546,0.9379446640316207,0.044676272414054696,70,0.9662921348314607,0.9550561797752809,0.9555555555555556,0.9666666666666667,0.9666666666666667,0.9620474406991262,0.005508434031157573
0.003124570846557617,0.006249141693115233,0.006294393539428711,0.00770928696254176,16,2,"{'n_neighbors': 16, 'p': 2}",1.0,0.9565217391304348,1.0,0.9090909090909091,0.9545454545454546,0.9640316205533598,0.03391847897695643,5,0.9662921348314607,0.9662921348314607,0.9555555555555556,0.9666666666666667,0.9666666666666667,0.964294631710362,0.004372747171858133
0.0031815052032470705,0.006363010406494141,0.0,0.0,17,1,"{'n_neighbors': 17, 'p': 1}",0.9565217391304348,0.8695652173913043,1.0,0.9090909090909091,0.9545454545454546,0.9379446640316207,0.044676272414054696,70,0.9550561797752809,0.9550561797752809,0.9444444444444444,0.9555555555555556,0.9555555555555556,0.9531335830212235,0.0043503054531380345
0.0030072689056396484,0.006014537811279297,0.0012011528015136719,0.0024023056030273438,17,2,"{'n_neighbors': 17, 'p': 2}",1.0,0.9130434782608695,1.0,0.9090909090909091,0.9545454545454546,0.9553359683794467,0.03979355873091929,28,0.9438202247191011,0.9550561797752809,0.9444444444444444,0.9555555555555556,0.9555555555555556,0.9508863920099875,0.005521208473841827
0.0,0.0,0.003133678436279297,0.006267356872558594,18,1,"{'n_neighbors': 18, 'p': 1}",0.9565217391304348,0.9130434782608695,1.0,0.9545454545454546,0.9545454545454546,0.9557312252964426,0.027515105587283987,26,0.9662921348314607,0.9550561797752809,0.9444444444444444,0.9555555555555556,0.9555555555555556,0.9553807740324596,0.006911259768480695
0.0,0.0,0.005361080169677734,0.006737924506217606,18,2,"{'n_neighbors': 18, 'p': 2}",0.9565217391304348,0.8695652173913043,1.0,0.9090909090909091,0.9545454545454546,0.9379446640316207,0.044676272414054696,70,0.9550561797752809,0.9662921348314607,0.9444444444444444,0.9555555555555556,0.9666666666666667,0.9576029962546817,0.008264103386120544
0.0031694412231445313,0.006338882446289063,0.0,0.0,19,1,"{'n_neighbors': 19, 'p': 1}",0.9565217391304348,0.8695652173913043,1.0,0.9090909090909091,0.9545454545454546,0.9379446640316207,0.044676272414054696,70,0.9550561797752809,0.9550561797752809,0.9444444444444444,0.9555555555555556,0.9444444444444444,0.9509113607990013,0.005283362715217117
0.0,0.0,0.005221366882324219,0.006608845125181821,19,2,"{'n_neighbors': 19, 'p': 2}",1.0,0.8695652173913043,1.0,0.9090909090909091,0.9545454545454546,0.9466403162055336,0.05120064795165622,51,0.9550561797752809,0.9662921348314607,0.9333333333333333,0.9555555555555556,0.9555555555555556,0.9531585518102373,0.010776108169800423
0.005023670196533203,0.004986438171154184,0.0006016254425048828,0.0012032508850097657,20,1,"{'n_neighbors': 20, 'p': 1}",0.9565217391304348,0.8695652173913043,1.0,0.9545454545454546,0.9545454545454546,0.9470355731225297,0.042449194374178226,33,0.9550561797752809,0.9662921348314607,0.9444444444444444,0.9555555555555556,0.9444444444444444,0.9531585518102373,0.008169564935653363
0.002038908004760742,0.0018351705704459545,0.005854892730712891,0.005225074839298056,20,2,"{'n_neighbors': 20, 'p': 2}",0.9565217391304348,0.8695652173913043,1.0,0.8636363636363636,0.9545454545454546,0.9288537549407115,0.05339626911504466,86,0.9550561797752809,0.9662921348314607,0.9333333333333333,0.9666666666666667,0.9444444444444444,0.9531585518102373,0.012864961070155717
0.002724027633666992,0.0013852025932876177,0.0033132553100585936,0.001977864044379727,21,1,"{'n_neighbors': 21, 'p': 1}",0.9565217391304348,0.8695652173913043,1.0,0.9090909090909091,0.9545454545454546,0.9379446640316207,0.044676272414054696,70,0.9550561797752809,0.9662921348314607,0.9444444444444444,0.9555555555555556,0.9444444444444444,0.9531585518102373,0.008169564935653363
0.00041894912719726564,0.0008378982543945313,0.0058423042297363285,0.006341715171803264,21,2,"{'n_neighbors': 21, 'p': 2}",1.0,0.8695652173913043,1.0,0.9090909090909091,0.9545454545454546,0.9466403162055336,0.05120064795165622,51,0.9550561797752809,0.9662921348314607,0.9333333333333333,0.9666666666666667,0.9444444444444444,0.9531585518102373,0.012864961070155717
0.0017757415771484375,0.0006869904658280999,0.0030430316925048827,0.0010912605900368823,22,1,"{'n_neighbors': 22, 'p': 1}",0.9565217391304348,0.8695652173913043,1.0,0.9545454545454546,0.9545454545454546,0.9470355731225297,0.042449194374178226,33,0.9325842696629213,0.9662921348314607,0.9333333333333333,0.9555555555555556,0.9444444444444444,0.9464419475655431,0.012999606207482755
0.002180337905883789,0.0007640750599305081,0.0032207012176513673,0.0011763166359516138,22,2,"{'n_neighbors': 22, 'p': 2}",0.9565217391304348,0.8695652173913043,1.0,0.9090909090909091,1.0,0.9470355731225297,0.05126773238605839,33,0.9550561797752809,0.9550561797752809,0.9333333333333333,0.9777777777777777,0.9444444444444444,0.9531335830212235,0.014712444451318512
0.0018865108489990235,0.0006764004185605684,0.0022930622100830076,0.0004335041551300705,23,1,"{'n_neighbors': 23, 'p': 1}",0.9565217391304348,0.8695652173913043,1.0,0.9090909090909091,0.9545454545454546,0.9379446640316207,0.044676272414054696,70,0.9438202247191011,0.9662921348314607,0.9333333333333333,0.9555555555555556,0.9333333333333333,0.9464669163545569,0.012865687954764277
0.00233612060546875,0.0008485926565772265,0.0035581588745117188,0.001530562447487813,23,2,"{'n_neighbors': 23, 'p': 2}",0.9130434782608695,0.8695652173913043,1.0,0.9090909090909091,0.9545454545454546,0.9292490118577075,0.04444487840907701,82,0.9550561797752809,0.9550561797752809,0.9333333333333333,0.9666666666666667,0.9444444444444444,0.9509113607990013,0.01125519229863762
0.002913045883178711,0.0006226631268460461,0.0037193775177001955,0.002176923168200694,24,1,"{'n_neighbors': 24, 'p': 1}",0.9565217391304348,0.8260869565217391,1.0,0.8636363636363636,0.9545454545454546,0.9201581027667984,0.06468944290364727,90,0.9325842696629213,0.9550561797752809,0.9333333333333333,0.9555555555555556,0.9333333333333333,0.9419725343320848,0.010891201448255783
0.0020260334014892576,0.0007103736421597644,0.0034984588623046876,0.0004465493961570817,24,2,"{'n_neighbors': 24, 'p': 2}",0.9130434782608695,0.8695652173913043,1.0,0.9090909090909091,1.0,0.9383399209486166,0.05259145416120127,62,0.9550561797752809,0.9662921348314607,0.9444444444444444,0.9555555555555556,0.9333333333333333,0.9509363295880151,0.011190363878257038
0.0018952846527099609,0.0007848931486350259,0.003261756896972656,0.00039907120815967746,25,1,"{'n_neighbors': 25, 'p': 1}",0.9565217391304348,0.8695652173913043,1.0,0.8636363636363636,0.9545454545454546,0.9288537549407115,0.05339626911504466,86,0.9438202247191011,0.9662921348314607,0.9111111111111111,0.9444444444444444,0.9222222222222223,0.937578027465668,0.01921931885621972
0.002806949615478516,0.0012121498290336445,0.0032467365264892576,0.0009187161696426253,25,2,"{'n_neighbors': 25, 'p': 2}",0.9130434782608695,0.9130434782608695,1.0,0.9090909090909091,1.0,0.9470355731225297,0.0432693507775621,33,0.9438202247191011,0.9550561797752809,0.9222222222222223,0.9555555555555556,0.9444444444444444,0.9442197253433209,0.012083294536197187
0.0025376796722412108,0.000615470686424726,0.0025751590728759766,0.0007897043405365737,26,1,"{'n_neighbors': 26, 'p': 1}",0.9565217391304348,0.8695652173913043,1.0,0.8636363636363636,1.0,0.9379446640316207,0.060405809975517206,70,0.9550561797752809,0.9550561797752809,0.9111111111111111,0.9555555555555556,0.9111111111111111,0.937578027465668,0.021610916015648088
0.0023555755615234375,0.0005701672324494364,0.0032741546630859373,0.0010467314357364998,26,2,"{'n_neighbors': 26, 'p': 2}",0.9130434782608695,0.9130434782608695,1.0,0.9545454545454546,1.0,0.9561264822134387,0.038896172648672095,17,0.9438202247191011,0.9438202247191011,0.9444444444444444,0.9555555555555556,0.9333333333333333,0.9441947565543071,0.007033934326755171
0.0016595840454101563,0.0005400990200228658,0.0036099910736083984,0.00046479807110256903,27,1,"{'n_neighbors': 27, 'p': 1}",0.9130434782608695,0.9130434782608695,1.0,0.9090909090909091,1.0,0.9470355731225297,0.0432693507775621,33,0.9550561797752809,0.9662921348314607,0.9111111111111111,0.9333333333333333,0.9222222222222223,0.9376029962546817,0.020417142292892
0.0027348995208740234,0.00034792259133970764,0.004735136032104492,0.0014069469841170293,27,2,"{'n_neighbors': 27, 'p': 2}",0.9130434782608695,0.9130434782608695,1.0,0.9090909090909091,1.0,0.9470355731225297,0.0432693507775621,33,0.9550561797752809,0.9438202247191011,0.9222222222222223,0.9333333333333333,0.9222222222222223,0.935330836454432,0.01271865114806001
0.0020642757415771486,0.0006540936334352817,0.002702140808105469,0.00045679378580302957,28,1,"{'n_neighbors': 28, 'p': 1}",0.9130434782608695,0.8695652173913043,1.0,0.9090909090909091,1.0,0.9383399209486166,0.05259145416120127,62,0.9438202247191011,0.9662921348314607,0.9333333333333333,0.9444444444444444,0.9333333333333333,0.9442446941323347,0.012036821048959756
0.001611185073852539,0.0008664424609944834,0.002223491668701172,0.001179626926603097,28,2,"{'n_neighbors': 28, 'p': 2}",0.9130434782608695,0.9130434782608695,1.0,0.9545454545454546,1.0,0.9561264822134387,0.038896172648672095,17,0.9550561797752809,0.9438202247191011,0.9444444444444444,0.9555555555555556,0.9333333333333333,0.9464419475655431,0.008245751192585802
0.007468080520629883,0.006753082592598787,0.002058267593383789,0.0019279719482567612,29,1,"{'n_neighbors': 29, 'p': 1}",0.9130434782608695,0.8695652173913043,1.0,0.9090909090909091,1.0,0.9383399209486166,0.05259145416120127,62,0.9438202247191011,0.9550561797752809,0.9333333333333333,0.9333333333333333,0.9333333333333333,0.9397752808988764,0.00865290132026585
0.00039844512939453126,0.0007968902587890625,0.00039873123168945315,0.0007974624633789063,29,2,"{'n_neighbors': 29, 'p': 2}",0.9130434782608695,0.9130434782608695,1.0,0.9545454545454546,1.0,0.9561264822134387,0.038896172648672095,17,0.9550561797752809,0.9438202247191011,0.9222222222222223,0.9333333333333333,0.9333333333333333,0.9375530586766543,0.011102101861678787
0.0014972209930419922,0.0012264327387183224,0.0055027008056640625,0.005402528656637787,30,1,"{'n_neighbors': 30, 'p': 1}",0.9565217391304348,0.8695652173913043,1.0,0.9090909090909091,1.0,0.9470355731225297,0.05126773238605839,33,0.9438202247191011,0.9438202247191011,0.9111111111111111,0.9555555555555556,0.9333333333333333,0.9375280898876405,0.014964118350988306
0.006347036361694336,0.0077735035322684855,0.0,0.0,30,2,"{'n_neighbors': 30, 'p': 2}",0.9130434782608695,0.9130434782608695,1.0,0.9090909090909091,1.0,0.9470355731225297,0.0432693507775621,33,0.9550561797752809,0.9438202247191011,0.9222222222222223,0.9444444444444444,0.9333333333333333,0.9397752808988764,0.011146991401613302
0.002372264862060547,0.0018138042301491576,0.0030258655548095702,0.0022730387780861287,31,1,"{'n_neighbors': 31, 'p': 1}",0.9130434782608695,0.9130434782608695,1.0,0.9545454545454546,1.0,0.9561264822134387,0.038896172648672095,17,0.9550561797752809,0.9325842696629213,0.9222222222222223,0.9333333333333333,0.9333333333333333,0.9353058676654182,0.01073727605670966
0.002847146987915039,0.0005624093132577988,0.00322575569152832,0.0012352354289937692,31,2,"{'n_neighbors': 31, 'p': 2}",0.9130434782608695,0.9130434782608695,1.0,0.9545454545454546,1.0,0.9561264822134387,0.038896172648672095,17,0.9550561797752809,0.9550561797752809,0.9333333333333333,0.9444444444444444,0.9333333333333333,0.9442446941323347,0.009715265645101202
0.00039238929748535155,0.0005169649001619283,0.002281522750854492,0.003313062830635187,32,1,"{'n_neighbors': 32, 'p': 1}",0.9130434782608695,0.9130434782608695,1.0,0.9090909090909091,1.0,0.9470355731225297,0.0432693507775621,33,0.9438202247191011,0.9325842696629213,0.9222222222222223,0.9444444444444444,0.9222222222222223,0.9330586766541824,0.00980335836570894
0.0,0.0,0.0031284332275390626,0.006256866455078125,32,2,"{'n_neighbors': 32, 'p': 2}",0.9130434782608695,0.9130434782608695,1.0,0.9090909090909091,1.0,0.9470355731225297,0.0432693507775621,33,0.9550561797752809,0.9438202247191011,0.9222222222222223,0.9444444444444444,0.9222222222222223,0.9375530586766543,0.013139230639442858
0.004214096069335938,0.00600004882337658,0.0007662296295166016,0.0009384383561296123,33,1,"{'n_neighbors': 33, 'p': 1}",0.9130434782608695,0.9130434782608695,1.0,0.9545454545454546,1.0,0.9561264822134387,0.038896172648672095,17,0.9438202247191011,0.9325842696629213,0.9111111111111111,0.9333333333333333,0.9222222222222223,0.9286142322097378,0.011103786389001752
0.0035096168518066405,0.00607255438341381,0.0005828857421875,0.001165771484375,33,2,"{'n_neighbors': 33, 'p': 2}",0.9130434782608695,0.9130434782608695,1.0,0.9545454545454546,1.0,0.9561264822134387,0.038896172648672095,17,0.9550561797752809,0.9438202247191011,0.9111111111111111,0.9444444444444444,0.9333333333333333,0.9375530586766543,0.014900405962451409
0.0019039630889892579,0.003807926177978516,0.0033228397369384766,0.006165717774733158,34,1,"{'n_neighbors': 34, 'p': 1}",0.9130434782608695,0.9130434782608695,1.0,0.9545454545454546,1.0,0.9561264822134387,0.038896172648672095,17,0.9438202247191011,0.9325842696629213,0.9222222222222223,0.9333333333333333,0.9222222222222223,0.9308364544319602,0.008078088218452649
0.0,0.0,0.005482101440429687,0.006856481954724634,34,2,"{'n_neighbors': 34, 'p': 2}",0.9130434782608695,0.9130434782608695,1.0,0.9090909090909091,1.0,0.9470355731225297,0.0432693507775621,33,0.9438202247191011,0.9438202247191011,0.9333333333333333,0.9444444444444444,0.9333333333333333,0.9397503121098627,0.005244396798586035
0.0,0.0,0.006402730941772461,0.007842489728763447,35,1,"{'n_neighbors': 35, 'p': 1}",0.8695652173913043,0.9130434782608695,1.0,0.9545454545454546,0.9545454545454546,0.9383399209486166,0.04403878710634523,62,0.9438202247191011,0.9325842696629213,0.9222222222222223,0.9333333333333333,0.9333333333333333,0.9330586766541824,0.006835431163952504
0.0,0.0,0.0032108306884765627,0.006421661376953125,35,2,"{'n_neighbors': 35, 'p': 2}",0.9130434782608695,0.9130434782608695,1.0,0.9090909090909091,1.0,0.9470355731225297,0.0432693507775621,33,0.9550561797752809,0.9438202247191011,0.9333333333333333,0.9444444444444444,0.9333333333333333,0.9419975031210986,0.008123725106681742
0.0,0.0,0.0031863689422607423,0.0063727378845214845,36,1,"{'n_neighbors': 36, 'p': 1}",0.9565217391304348,0.9130434782608695,1.0,0.9545454545454546,0.9545454545454546,0.9557312252964426,0.027515105587283987,26,0.9101123595505618,0.9325842696629213,0.9222222222222223,0.9333333333333333,0.9333333333333333,0.9263171036204746,0.009133390531537867
0.005494070053100586,0.006873271483379786,0.004025793075561524,0.006055207031781035,36,2,"{'n_neighbors': 36, 'p': 2}",0.9130434782608695,0.9130434782608695,1.0,0.9090909090909091,1.0,0.9470355731225297,0.0432693507775621,33,0.9438202247191011,0.9438202247191011,0.9333333333333333,0.9555555555555556,0.9222222222222223,0.9397503121098627,0.011236953763355302
0.0,0.0,0.0032148838043212892,0.006429767608642578,37,1,"{'n_neighbors': 37, 'p': 1}",0.8695652173913043,0.9130434782608695,1.0,0.9545454545454546,0.9545454545454546,0.9383399209486166,0.04403878710634523,62,0.9325842696629213,0.9325842696629213,0.9222222222222223,0.9333333333333333,0.9333333333333333,0.9308114856429464,0.0043076769614391035
0.003124713897705078,0.006249427795410156,0.0,0.0,37,2,"{'n_neighbors': 37, 'p': 2}",0.9130434782608695,0.9130434782608695,1.0,0.9545454545454546,1.0,0.9561264822134387,0.038896172648672095,17,0.9438202247191011,0.9550561797752809,0.9333333333333333,0.9555555555555556,0.9333333333333333,0.9442197253433209,0.009829714685539476
0.003348541259765625,0.006201512487710661,0.0011469364166259766,0.0022938728332519533,38,1,"{'n_neighbors': 38, 'p': 1}",0.8695652173913043,0.9130434782608695,1.0,0.9545454545454546,1.0,0.9474308300395258,0.050642268389081334,32,0.9101123595505618,0.9325842696629213,0.9111111111111111,0.9333333333333333,0.9222222222222223,0.92187265917603,0.010003233574403537
0.0019381046295166016,0.0024915595154078513,0.002686166763305664,0.0016144521757688924,38,2,"{'n_neighbors': 38, 'p': 2}",0.9130434782608695,0.9130434782608695,1.0,0.9090909090909091,1.0,0.9470355731225297,0.0432693507775621,33,0.9438202247191011,0.9325842696629213,0.9333333333333333,0.9555555555555556,0.9333333333333333,0.939725343320849,0.008945101334367926
0.0022480964660644533,0.0010246092558735035,0.0028370380401611327,0.0005375282010308208,39,1,"{'n_neighbors': 39, 'p': 1}",0.8695652173913043,0.9130434782608695,1.0,0.9545454545454546,0.9545454545454546,0.9383399209486166,0.04403878710634523,62,0.9213483146067416,0.9325842696629213,0.9222222222222223,0.9333333333333333,0.9333333333333333,0.9285642946317104,0.005548691912417794
0.0034208774566650392,0.0013262200860242163,0.003917264938354492,0.001485269135710951,39,2,"{'n_neighbors': 39, 'p': 2}",0.9130434782608695,0.9130434782608695,0.9545454545454546,0.9090909090909091,1.0,0.9379446640316205,0.03521115802580253,77,0.9438202247191011,0.9213483146067416,0.9222222222222223,0.9444444444444444,0.9333333333333333,0.9330337078651686,0.010000802647334777
0.0022519588470458984,0.0007516228288171123,0.004102134704589843,0.0016768850424289815,40,1,"{'n_neighbors': 40, 'p': 1}",0.8695652173913043,0.8695652173913043,0.9545454545454546,0.9545454545454546,1.0,0.9296442687747035,0.0517861986480632,80,0.9101123595505618,0.9213483146067416,0.9111111111111111,0.9333333333333333,0.9222222222222223,0.9196254681647942,0.008492472084380788
0.0017755508422851562,0.0004644867894389424,0.0024988651275634766,0.0006277602569032226,40,2,"{'n_neighbors': 40, 'p': 2}",0.9130434782608695,0.9130434782608695,0.9545454545454546,0.9090909090909091,1.0,0.9379446640316205,0.03521115802580253,77,0.9438202247191011,0.9213483146067416,0.9333333333333333,0.9444444444444444,0.9222222222222223,0.9330337078651686,0.01000080264733478
0.0016525745391845702,0.0005330386531272439,0.00248565673828125,0.00047513650414068024,41,1,"{'n_neighbors': 41, 'p': 1}",0.8695652173913043,0.8695652173913043,0.9545454545454546,0.9545454545454546,0.9545454545454546,0.9205533596837945,0.0416316438496746,88,0.9438202247191011,0.9213483146067416,0.9222222222222223,0.9333333333333333,0.9222222222222223,0.9285892634207242,0.008809065198781716
0.0019040107727050781,0.0004543348633657764,0.0026695728302001953,0.0007533107773909812,41,2,"{'n_neighbors': 41, 'p': 2}",0.9130434782608695,0.9130434782608695,0.9545454545454546,0.9545454545454546,1.0,0.9470355731225297,0.03233868327127712,33,0.9325842696629213,0.9213483146067416,0.9333333333333333,0.9333333333333333,0.9222222222222223,0.9285642946317104,0.005548691912417794
0.0013959407806396484,0.0004886199709502622,0.002593803405761719,0.0004908387023725801,42,1,"{'n_neighbors': 42, 'p': 1}",0.8695652173913043,0.8695652173913043,1.0,0.9545454545454546,0.9545454545454546,0.9296442687747035,0.0517861986480632,80,0.898876404494382,0.9101123595505618,0.9333333333333333,0.9333333333333333,0.9,0.9151310861423221,0.015368771359679002
0.0023240566253662108,0.00043396400414231806,0.0033792972564697264,0.0010207287453557828,42,2,"{'n_neighbors': 42, 'p': 2}",0.8695652173913043,0.9130434782608695,0.9545454545454546,0.9545454545454546,1.0,0.9383399209486166,0.04403878710634523,62,0.9101123595505618,0.9213483146067416,0.9333333333333333,0.9333333333333333,0.9222222222222223,0.9240699126092385,0.00868626812690493
0.0021848201751708983,0.0003645715364730192,0.0036089420318603516,0.00047677900436553564,43,1,"{'n_neighbors': 43, 'p': 1}",0.8695652173913043,0.9130434782608695,0.9545454545454546,0.9090909090909091,0.9090909090909091,0.9110671936758893,0.026923931013322397,94,0.9101123595505618,0.9213483146067416,0.9222222222222223,0.9333333333333333,0.9111111111111111,0.9196254681647942,0.008492472084380788
0.0019777774810791015,0.0006328122364816478,0.002607440948486328,0.0005052175449113339,43,2,"{'n_neighbors': 43, 'p': 2}",0.9130434782608695,0.9130434782608695,0.9545454545454546,0.9545454545454546,1.0,0.9470355731225297,0.03233868327127712,33,0.9101123595505618,0.9325842696629213,0.9444444444444444,0.9222222222222223,0.9111111111111111,0.9240948813982524,0.01306729114820061
0.0016010761260986327,0.0004925688284597859,0.002990055084228516,0.0006301539239555458,44,1,"{'n_neighbors': 44, 'p': 1}",0.8695652173913043,0.8695652173913043,0.9545454545454546,0.9090909090909091,0.9090909090909091,0.9023715415019764,0.03151167024188895,96,0.9213483146067416,0.9101123595505618,0.8888888888888888,0.9222222222222223,0.9111111111111111,0.9107365792759052,0.012019820466463068
0.0021770954132080077,0.000724696080799073,0.00260467529296875,0.0005046251284481417,44,2,"{'n_neighbors': 44, 'p': 2}",0.9130434782608695,0.9130434782608695,0.9545454545454546,0.9545454545454546,1.0,0.9470355731225297,0.03233868327127712,33,0.9101123595505618,0.9213483146067416,0.9333333333333333,0.9222222222222223,0.9111111111111111,0.9196254681647942,0.008492472084380788
0.0018130302429199218,0.0004095061745899758,0.002598285675048828,0.0004943833766876537,45,1,"{'n_neighbors': 45, 'p': 1}",0.8695652173913043,0.8695652173913043,0.9545454545454546,0.9545454545454546,0.9090909090909091,0.9114624505928853,0.03802281149032805,93,0.9213483146067416,0.9101123595505618,0.8666666666666667,0.9333333333333333,0.9,0.9062921348314609,0.022725658497672063
0.0018161773681640626,0.0004531913282987592,0.0032954692840576174,0.0003418939183405577,45,2,"{'n_neighbors': 45, 'p': 2}",0.8695652173913043,0.9130434782608695,0.9545454545454546,0.9545454545454546,1.0,0.9383399209486166,0.04403878710634523,62,0.9325842696629213,0.9213483146067416,0.9111111111111111,0.9222222222222223,0.9111111111111111,0.9196754057428216,0.008032657729940587
0.0020026206970214845,0.0007042795011532687,0.00303034782409668,0.0003085137666469125,46,1,"{'n_neighbors': 46, 'p': 1}",0.8695652173913043,0.8695652173913043,0.9545454545454546,0.9090909090909091,0.9090909090909091,0.9023715415019764,0.03151167024188895,96,0.898876404494382,0.898876404494382,0.8777777777777778,0.9222222222222223,0.9,0.8995505617977528,0.014065342379195402
0.0029883384704589844,0.0007097840988868834,0.005217123031616211,0.0011728547666888408,46,2,"{'n_neighbors': 46, 'p': 2}",0.9130434782608695,0.9130434782608695,0.9545454545454546,0.9545454545454546,1.0,0.9470355731225297,0.03233868327127712,33,0.9213483146067416,0.9213483146067416,0.9111111111111111,0.9333333333333333,0.9111111111111111,0.9196504369538078,0.008231979131132355
0.002491188049316406,0.0009160390109540011,0.003479337692260742,0.0015907265413849729,47,1,"{'n_neighbors': 47, 'p': 1}",0.8695652173913043,0.9130434782608695,0.9545454545454546,0.9090909090909091,0.9090909090909091,0.9110671936758893,0.026923931013322397,94,0.898876404494382,0.9101123595505618,0.8777777777777778,0.9222222222222223,0.8888888888888888,0.8995755305867664,0.015580324272859951
0.0020824432373046874,0.0007353854880895313,0.0033994197845458986,0.0008100447891391596,47,2,"{'n_neighbors': 47, 'p': 2}",0.8695652173913043,0.9130434782608695,0.9545454545454546,0.9090909090909091,0.9545454545454546,0.9201581027667984,0.031930301072918145,90,0.9213483146067416,0.9325842696629213,0.9111111111111111,0.9222222222222223,0.9,0.9174531835205993,0.011060750802844157
0.0027971267700195312,0.0007397870416715577,0.003842592239379883,0.001283876933518214,48,1,"{'n_neighbors': 48, 'p': 1}",0.8695652173913043,0.9130434782608695,0.9545454545454546,0.8636363636363636,0.9090909090909091,0.9019762845849802,0.03303648014856422,98,0.898876404494382,0.9101123595505618,0.8777777777777778,0.9222222222222223,0.8888888888888888,0.8995755305867664,0.015580324272859951
0.0031004428863525392,0.0010292646689303152,0.004274177551269531,0.0014631565753917537,48,2,"{'n_neighbors': 48, 'p': 2}",0.8695652173913043,0.9130434782608695,0.9545454545454546,0.9090909090909091,1.0,0.9292490118577075,0.04444487840907701,82,0.9213483146067416,0.9213483146067416,0.9111111111111111,0.9222222222222223,0.8888888888888888,0.912983770287141,0.012722816979673483
0.002034425735473633,0.0005644119234419713,0.003186607360839844,0.0007465167163646747,49,1,"{'n_neighbors': 49, 'p': 1}",0.8695652173913043,0.8260869565217391,0.9545454545454546,0.8636363636363636,0.9090909090909091,0.8845849802371542,0.04377548424967886,100,0.9213483146067416,0.8876404494382022,0.9,0.9,0.8888888888888888,0.8995755305867664,0.012091856311978384
0.0016342639923095704,0.000524067999662449,0.002945709228515625,0.000689194263617709,49,2,"{'n_neighbors': 49, 'p': 2}",0.8695652173913043,0.8260869565217391,0.9545454545454546,0.9090909090909091,1.0,0.9118577075098815,0.06122783532247041,92,0.9325842696629213,0.898876404494382,0.9111111111111111,0.9222222222222223,0.9111111111111111,0.9151810237203495,0.011414205457042394
0.0024822711944580077,0.0010202896451811793,0.004693078994750977,0.001371093010906451,50,1,"{'n_neighbors': 50, 'p': 1}",0.8695652173913043,0.9130434782608695,0.9545454545454546,0.8181818181818182,0.9090909090909091,0.8928853754940711,0.04603343355427878,99,0.9213483146067416,0.8876404494382022,0.8888888888888888,0.9222222222222223,0.8888888888888888,0.9017977528089887,0.016328442617516613
0.0017115116119384766,0.0005985419029350445,0.003032207489013672,0.0005434110608501022,50,2,"{'n_neighbors': 50, 'p': 2}",0.8695652173913043,0.9130434782608695,0.9545454545454546,0.9090909090909091,1.0,0.9292490118577075,0.04444487840907701,82,0.9325842696629213,0.8764044943820225,0.9111111111111111,0.9222222222222223,0.9,0.9084644194756555,0.019378000310413823
